id;identifier;image;image_content_type
1;Multi-channelled Licensed;../data/blob/hipster.png;image/png
2;grey Cambridgeshire;../data/blob/hipster.png;image/png
3;Canyon HDD;../data/blob/hipster.png;image/png
4;Table Small Frozen Sausages Planner;../data/blob/hipster.png;image/png
5;envisioneer Music Public-key;../data/blob/hipster.png;image/png
6;infomediaries;../data/blob/hipster.png;image/png
7;Investment Account;../data/blob/hipster.png;image/png
8;Games Regional Digitized;../data/blob/hipster.png;image/png
9;copy convergence;../data/blob/hipster.png;image/png
10;Mayotte;../data/blob/hipster.png;image/png
